username,password,firstName,lastName,Address,Zip
jseignior0,LxyInXwdk,Janice,Seignior,97386 Cody Road,729186
fgauntley1,jecTT1uVfspc,Fritz,Gauntley,7 Eastwood Crossing,265516
bmosdall2,8JoxIOY7,Beckie,Mosdall,41656 Westport Pass,604246
gacres3,Fygz8VtC,Georgeanna,Acres,1554 Express Court,514613
ggearty4,JOwYqXEZBR,Gunter,Gearty,88723 Ruskin Terrace,930315
ltrumble5,8oADiaTqsSi,Letta,Trumble,96128 Vidon Center,834801
ngligori6,FoLENdXzeS,Noah,Gligori,71 Pepper Wood Center,981068
djoye7,48Lf44II1r,Debbie,Joye,10568 Blaine Alley,981310
emilsom8,HnQKpcs,Emyle,Milsom,679 Dennis Street,446855
scorstan9,k1FfDiuSZtvY,Sandye,Corstan,0 Fremont Junction,331835
rcorneliusa,1tQ2q3oQUpd,Roxanna,Cornelius,75 Russell Drive,858582
abrightyb,1wdDY5,Alvy,Brighty,84 Bultman Crossing,329218
mfitzsymondsc,zPYn92,Meir,Fitzsymonds,6883 Burning Wood Park,342848
ilaurantd,RgXO1B0WG8i,Irena,Laurant,3 Arrowood Point,367298
vlebrune,pUq3sW,Vivie,Le Brun,7 Drewry Circle,419068
hmarkushkinf,LBZ75WS,Hagan,Markushkin,50261 Shelley Terrace,454511
eionnisiang,m1sQM0shcS,Elissa,Ionnisian,9769 Melrose Drive,966990
oyoungerh,L1udEWNrcBV,Obadias,Younger,9618 Shelley Center,662159
hswetti,dhrT2TsYi,Hillary,Swett,773 School Junction,626642
tmordyj,kORO2Ck,Trina,Mordy,980 Oxford Crossing,612649
wespadaterk,cKzRRnxv,Wren,Espadater,42292 Namekagon Way,833029
astillerl,0us52EiB,Alicia,Stiller,88 Red Cloud Point,820857
dgristm,gMjd4EQzML,Dimitri,Grist,96192 Ludington Crossing,536562
ccovendonn,tyhU4Znrl3K,Cariotta,Covendon,6 Towne Circle,280363
emacbreartyo,TKV3oFyJ5,Efrem,MacBrearty,31 Golf Course Place,767416
rounsworthp,ydVdgjRcH15,Rouvin,Ounsworth,12506 Basil Drive,451168
ldronsfieldq,rhmDdiMzkUG,Lyon,Dronsfield,9517 Comanche Way,232275
bbiddlecomber,4fyzx3NXLzxd,Brit,Biddlecombe,843 Ruskin Parkway,500290
hwhardleys,PataNFmAt,Holden,Whardley,32739 Straubel Road,546534
aduckert,m1a2RMQI,Ali,Ducker,4289 Union Alley,322629
cbrosiniu,g4PvRI8F88cI,Cash,Brosini,58 Lake View Alley,331107
bmcterrellyv,7ErFg6eqWwIH,Buck,McTerrelly,8 Springview Place,420204
dbroyw,fPBQcNNsTYs,Darryl,Broy,7 Tennyson Point,585557
mjillettx,gESrfmXyxlF,Melva,Jillett,4 Spohn Pass,650742
sjaquety,OyasAo3ZH,Stefano,Jaquet,4 Talmadge Center,110476
nmcquiltyz,LZNlrXN,Nelly,McQuilty,1012 Fordem Court,136764
rbasire10,U7RwEL4NWG,Rafa,Basire,4545 Pond Alley,727852
ahesbrook11,5KO4hfyuRcw,Anderson,Hesbrook,227 Forest Run Drive,870506
toldcroft12,EbRtpj3JMdcq,Tessa,Oldcroft,09006 Erie Drive,939581
pflawith13,EmplbD2A,Phillipe,Flawith,7007 3rd Place,737089
kstevani14,DoRuIn7sVI,Kylila,Stevani,18 Hallows Parkway,944107
apetric15,LsNIqapV,Annissa,Petric,9 Schiller Point,943964
lhavenhand16,JCvfnFucS,Luciano,Havenhand,4767 Almo Road,170955
mslevin17,YBgKGiBpGdg,Moises,Slevin,53929 Cody Plaza,842771
kpassman18,I4313evY,Kristofor,Passman,96577 Vahlen Court,650137
wgossage19,Q3Xcpk,Wang,Gossage,05132 Harper Junction,189177
rgladwell1a,qsUongzjXky,Reinwald,Gladwell,4 Donald Pass,374883
vjolliss1b,vJwRg4la6P,Valentino,Jolliss,157 Brickson Park Hill,409697
arupprecht1c,IjXjQ6zDgk,Arturo,Rupprecht,9 Bartillon Alley,904688
lrossbrooke1d,Haa3qcu,Locke,Rossbrooke,68604 Hauk Court,841443
mmee1e,8vEA0Dv5,Mischa,Mee,24 Heffernan Court,661882
jforsdyke1f,ydHhJzg,Jobyna,Forsdyke,5286 Helena Hill,987571
asummerscales1g,7zMye3kb5LKv,Antony,Summerscales,1 La Follette Street,550652
ohearl1h,Wife8j,Oran,Hearl,564 Merrick Road,449665
cdrewry1i,sea82mO,Cordie,Drewry,78344 Prentice Lane,425037
scord1j,acVoJ3OYSR79,Stuart,Cord,130 Charing Cross Point,288956
agaylord1k,cKEl0qc,Annelise,Gaylord,2 Merchant Plaza,603835
rchislett1l,BXCUV3dExwC,Ruggiero,Chislett,1 La Follette Point,562811
ichomiszewski1m,dz7VMC1,Iolande,Chomiszewski,04478 Novick Hill,197751
mblazek1n,FV3TyYgmj48,Marcie,Blazek,858 Sunnyside Hill,517338
jwalcot1o,hjVkmce7YGXo,Jessica,Walcot,07090 Gateway Lane,304715
bcollingham1p,X8NQ48cBf,Bette,Collingham,1954 Upham Alley,298590
spilbury1q,9XY9wjQLThh6,Skippy,Pilbury,1367 Hanover Park,553189
gjosephi1r,vYgfPXf4lM,Georgie,Josephi,9 Tennessee Circle,771434
britchley1s,21Fh5jF,Bonny,Ritchley,89 Melody Road,753727
lwyleman1t,X5YqqsrcLAM,Livvie,Wyleman,74 Grayhawk Road,281841
tnial1u,yxbKrIzYchZ1,Tammie,Nial,3 Farwell Circle,677376
wsunman1v,EKqeFUfkW,Weidar,Sunman,92 Sheridan Pass,653539
sfessby1w,r2pR3DcN,Sharity,Fessby,7 Atwood Court,155358
jleggs1x,DkywUW,Jolie,Leggs,0 Moland Drive,541609
tfellis1y,y0lXg2e6M7l,Teodoro,Fellis,3375 South Trail,246437
zseary1z,MmiSGKiHs1HV,Zedekiah,Seary,324 Northridge Trail,269860
ddragge20,leZSjy86,Dew,Dragge,329 Fuller Hill,324833
apavia21,qblPTA,Alden,Pavia,387 Brickson Park Crossing,984695
lmorais22,XsjeyY5xrJj,Lainey,Morais,2951 Ludington Parkway,163521
gdust23,EGnTEE,Godard,Dust,73 Mitchell Pass,437320
nberisford24,FdcklkTKHhSo,Noble,Berisford,5343 Lindbergh Street,755144
dyaus25,mzmEoGS,Delmar,Yaus,8463 Aberg Trail,716207
gbrodeur26,qUIKKU9Q892,Germaine,Brodeur,30732 American Ash Hill,227523
hffrench27,cnT8lwJv2,Hillary,Ffrench,1943 Prairie Rose Way,123683
bportingale28,qAsKZXCVXnO,Barby,Portingale,9730 Granby Avenue,884346
pfibbens29,6mgySSi6hzea,Pincus,Fibbens,20096 Gateway Junction,366896
smosten2a,wn9B2kRpH,Sky,Mosten,0068 Sugar Center,862629
surion2b,Vtj8acBDqn,Sabrina,Urion,6 Westport Court,936896
pkupper2c,ZhAn4ghTyJhF,Perla,Kupper,82957 Darwin Drive,543063
aclinch2d,Hlz8uS,Alanson,Clinch,39 Meadow Ridge Terrace,903361
sfeldon2e,QMk1Kd8h2liN,Serena,Feldon,1919 Vermont Circle,595520
yberrecloth2f,45fLtU5snG1,Yelena,Berrecloth,32 Barby Terrace,193161
bbugler2g,mbFDCdkbaxm,Becka,Bugler,2 Wayridge Park,665980
hgerckens2h,XGpRdC3nZ,Harald,Gerckens,8169 Bartelt Park,748313
mbaise2i,prOEDVZfIcSh,Mylo,Baise,7977 Glacier Hill Park,877664
mfominov2j,FxaKZPh,Marysa,Fominov,93 Susan Street,573777
mllopis2k,EILZyF,Merwin,Llopis,159 Havey Junction,442775
rripon2l,zxx22xdV6N,Richy,Ripon,9087 Mendota Avenue,744981
pglancy2m,Wq449g,Phillipe,Glancy,7881 5th Place,182142
ichew2n,9kf7qTdwlbt0,Iain,Chew,77 Mccormick Avenue,969457
aceyssen2o,pdHt1g35g,Alyce,Ceyssen,82219 Warner Center,541452
dwestney2p,kvtZx5tv,Damian,Westney,34 Fisk Terrace,724843
jwint2q,Pr37QAHi,Jolee,Wint,6 Norway Maple Center,726322
ygoodding2r,XxCrulhEp8z,Yvonne,Goodding,81878 Erie Parkway,330462
ehehnke2s,ZPkbQYlrzIN,Elvyn,Hehnke,77412 Sycamore Avenue,111407
uavesque2t,PFrV5r8m7t,Uri,Avesque,4873 Ridgeview Circle,337843
ssheber2u,b9sI6Xf7Aa,Stanfield,Sheber,058 Talisman Park,338766
ndrennan2v,yxvGXI,Norma,Drennan,690 Heffernan Hill,703758
ndougher2w,O7GLdNNs1BoZ,Nikkie,Dougher,4766 Waywood Road,643657
bgillibrand2x,FaSffwzaB1Z,Billi,Gillibrand,38 Fuller Drive,453487
npritty2y,Fi9KqG,Nancee,Pritty,103 Fuller Lane,975671
smasi2z,EujhkB,Sidoney,Masi,438 Eagle Crest Way,865942
zpannaman30,Y5YhuIGqh,Zondra,Pannaman,1467 Blue Bill Park Drive,940957
jkuhne31,X0OIEaznzn1X,Jackie,Kuhne,0782 Dwight Trail,868040
ndevile32,GQnJ26,Nappie,De Vile,4116 Jay Crossing,599359
mcheckley33,19C2GLBGxDLF,Merilyn,Checkley,65478 Anthes Park,421830
oleddy34,uPmUTjP,Orran,Leddy,68875 Lerdahl Pass,361802
ngreader35,n6kvrX,Nikola,Greader,195 Fordem Hill,416429
jcleveland36,Mo6hJU2KHZ,Jaime,Cleveland,2072 Roth Hill,385312
msaltwell37,yb4qlj0HKI6e,Madalena,Saltwell,171 Morning Street,369895
dmott38,gg5UAvcm,Dorothy,Mott,581 Onsgard Avenue,951859
abendig39,zOYt6NSSLhc,Allys,Bendig,3 Hanson Hill,643302
cmanhare3a,f9cviso0g,Clarissa,Manhare,7751 Kings Park,836084
bpatrick3b,lUKZMS0,Bernadine,Patrick,1 Scott Court,563744
llapley3c,BnsIZsAHs0M,Lyon,Lapley,3 Myrtle Center,885210
jclements3d,dcmAWZ05U,Jennilee,Clements,213 Forest Run Trail,399000
rblackboro3e,QLsiHYh7dhef,Reidar,Blackboro,02960 Texas Avenue,829635
deary3f,pOhCcHQBP,Darleen,Eary,0797 Granby Circle,253594
mgronous3g,FiJNu4vy,Marylou,Gronous,339 Arizona Pass,892359
ssidgwick3h,OuUdadQJQsk,Sloane,Sidgwick,1 Pennsylvania Park,141072
mkimblin3i,WuZ2zw6G6KPw,Meriel,Kimblin,34926 Hooker Junction,306240
gablett3j,U4RypJU1r2LR,Georgeanne,Ablett,5015 Corscot Drive,322083
libbison3k,GhDymb,Lindi,Ibbison,6737 Summerview Trail,955663
pvellacott3l,5iUWEqdZ,Patten,Vellacott,5 Grim Crossing,427628
apendle3m,yeSuqgKd,Alair,Pendle,7 Northfield Point,824933
jlampard3n,Ke1uNJnjQn,Jordan,Lampard,03548 Basil Junction,558671
mproctor3o,sqNUGQ,Mead,Proctor,19026 Loomis Street,659748
bwalthew3p,bphgKaOZZ,Bink,Walthew,60 Carioca Lane,303091
gmalyan3q,iNz7e6DQ,Georgeta,Malyan,622 Esch Lane,652060
piredale3r,312aKAlvUPo,Paolina,Iredale,9 Rowland Hill,149377
dpetrishchev3s,yRLawd1tJh,Dorotea,Petrishchev,8 Scott Point,391920
glujan3t,h0ZdZM,Garrott,Lujan,1524 South Avenue,116538
nboothjarvis3u,amMzL06C4zh,Nonah,Booth-Jarvis,6625 Jana Parkway,321207
ccardnell3v,OvE4acIRwO,Carroll,Cardnell,1428 Green Parkway,368395
ccopin3w,o3gr8wl6tiVM,Candide,Copin,7 Prairie Rose Point,661587
jspenceley3x,RuWQ8rIca,Jeanna,Spenceley,87 Stoughton Trail,413306
gfacchini3y,29nxQ3YB7cu,Glenden,Facchini,1 Vahlen Parkway,679226
agullberg3z,lVtsx1ZaO,Aviva,Gullberg,783 Kingsford Point,537187
ckleeman40,AazMldw3Dgv,Chic,Kleeman,99882 Dwight Lane,871805
kellerby41,UhFCvo,Klaus,Ellerby,652 Bunting Junction,412218
dserjeantson42,WUsAA692e1vA,Des,Serjeantson,48 Dawn Circle,854278
trooke43,zsfDdJ0,Tommie,Rooke,404 Sugar Park,852191
kskippon44,2myYoIR4a,Karita,Skippon,6 Killdeer Center,430927
fmacmenamy45,bMkd5j3alBNC,Frederik,MacMenamy,6027 Muir Hill,832812
cmccolgan46,Y3WtrfLifxMv,Carolann,McColgan,77794 Memorial Trail,558206
sjakab47,mdge2zES6mA3,Susan,Jakab,0844 Superior Court,951185
scorkill48,HnfXniJSdkdD,Shep,Corkill,1 Oak Valley Crossing,699993
rmorefield49,C8fjVsMk6tGo,Rickie,Morefield,27 Scott Hill,446660
bgreenacre4a,SXK4Elu,Bird,Greenacre,571 Anhalt Circle,568966
tdevlin4b,k8qUT1f0Vo,Tomasine,Devlin,57242 Farwell Center,618404
spittem4c,iCWLchKFNwy5,Shaylynn,Pittem,6858 Elgar Plaza,495400
jnijs4d,Vb9PJUE7xE,Jameson,Nijs,667 Red Cloud Circle,236332
odeleek4e,vaJChBCl,Olav,De Leek,098 Pawling Parkway,845046
kcalvard4f,LvmvRgE0,Karalynn,Calvard,112 Dwight Way,760470
gmansell4g,SrhvLoEV,Gregorius,Mansell,68 Stoughton Avenue,746524
rgumbley4h,gNYTTaM7qD,Rachael,Gumbley,2127 Dorton Junction,482525
ckloster4i,xD8wn8JvnMCn,Candide,Kloster,3197 Rutledge Point,481946
pspeachley4j,2JhYnRlOY4Yp,Pip,Speachley,623 Gulseth Parkway,129509
lreely4k,4mh1AputlDe,Lucienne,Reely,94529 West Drive,919321
sould4l,2z59yk,Shalom,Ould,9737 Kings Circle,361421
wbogace4m,jheiv5Gx,Willy,Bogace,65 Forster Pass,153724
tplomer4n,DxsSXEKwwA,Thaine,Plomer,3 Crownhardt Terrace,413711
tmiddell4o,UBCXfA8,Tadd,Middell,098 Arizona Junction,744674
agoldring4p,97XLyTA5l4NK,Ash,Goldring,2280 Melrose Pass,831479
ihurdle4q,765VAoMXw2F,Inglis,Hurdle,4533 Buena Vista Pass,303741
gwombwell4r,XzROScGZCS,Glenn,Wombwell,44 Fuller Plaza,640451
sherreran4s,JZBVZQFv0ZoD,Skip,Herreran,0655 Buell Drive,462001
prudloff4t,JjSQLEFfy,Paxton,Rudloff,329 Marcy Park,739022
jgravell4u,MNpkdXYWk,Jobina,Gravell,4 Mcguire Point,966635
sfergyson4v,LgTRTUNHXI,Stanleigh,Fergyson,16320 Brentwood Junction,427894
acharge4w,eXDhqxFM47,Auberta,Charge,4 Quincy Road,502601
opohlke4x,AtuAnJl1P,Oona,Pohlke,1 Golf Course Circle,181494
sguilford4y,3XxsHB,Saul,Guilford,6566 Delaware Court,351508
mscarlon4z,cjIJIY7eq8f,Mathew,Scarlon,26545 Pearson Hill,188810
agossart50,oMQaMC8,Alfred,Gossart,9166 Little Fleur Parkway,734073
wwearn51,SwOGXWjbznY,Winifield,Wearn,546 Steensland Junction,405789
ggooders52,J0QhKs,Ganny,Gooders,0 Oak Drive,436191
dlatan53,wEHAST1Ht0oE,Denis,Latan,36388 1st Park,848696
mgeddes54,BX1TEQy9OYq,Mitchell,Geddes,49 Portage Center,450199
kdownham55,qM6pmJmOm9,Ki,Downham,206 Crescent Oaks Road,389987
ggillingwater56,fJWgml,Gerhardine,Gillingwater,72372 Merchant Plaza,475900
fossenna57,z5hJC8Iju,Felicdad,Ossenna,1503 Packers Drive,872970
scleife58,8kg6nx,Steffen,Cleife,936 Butterfield Parkway,340766
sforestall59,qXFBjPZMsn,Shep,Forestall,246 Delaware Trail,657497
ppease5a,G6mRHlQ3Kdg,Phaedra,Pease,26904 Bunker Hill Point,840417
sbaish5b,NAkO6SJ,Sharia,Baish,2 Straubel Hill,319663
iscopes5c,5lCcFT2w3,Irvine,Scopes,07190 Wayridge Road,746254
ymesant5d,50LcJbu5SJ,Yorker,Mesant,39041 Hauk Trail,731550
emayger5e,wNnUuPWxJ0b,Eunice,Mayger,32693 Golden Leaf Trail,155937
vgillinghams5f,SlmMHcho,Verna,Gillinghams,136 Karstens Center,642643
lcloy5g,xbjvTXeVuA9i,Larina,Cloy,447 School Crossing,293561
pdimaggio5h,5EgXrhmD,Priscilla,Di Maggio,7818 Corben Plaza,464228
cgentzsch5i,gYyFCaEQ0B,Celisse,Gentzsch,86943 Thompson Pass,781396
edowderswell5j,83gnXfySj9PU,El,Dowderswell,716 Dwight Court,729101
smacdermot5k,MgtawM,Silvano,MacDermot,63750 Manufacturers Place,478382
vkopman5l,llyj4PfX,Vitia,Kopman,433 Maple Terrace,888559
charman5m,vwoPAH,Clementia,Harman,12731 Rowland Circle,895521
trosenzveig5n,k8xGPIMRIKzO,Tully,Rosenzveig,663 Dayton Parkway,669605
lforsyde5o,De3Vd6oLLqA5,Lesly,Forsyde,447 Schmedeman Circle,565806
mpailin5p,2KWt8xSAXh,Matteo,Pailin,39353 Bellgrove Road,425326
cwhines5q,K6GHdCuSR1,Corella,Whines,3 Dennis Junction,696690
fgavozzi5r,RHMbd81j,Filia,Gavozzi,60 Sullivan Terrace,287528
gmccarlich5s,fap0WTu,Gert,McCarlich,9168 Buhler Street,262136
jyeabsley5t,XGNmqLqOUARV,Jae,Yeabsley,433 Lerdahl Court,970564
fvalentinuzzi5u,Splin2PqF,Fleur,Valentinuzzi,8353 Sheridan Park,573455
vadney5v,EVbnenZLlSip,Valentino,Adney,2 Forster Crossing,647958
tfearey5w,RAynhpKF2ah,Theressa,Fearey,833 Brentwood Park,768879
fjosefer5x,zEqxWWh,Filmore,Josefer,720 Morrow Pass,657938
hseeborne5y,pvpZxvn,Herta,Seeborne,747 Scofield Place,670346
mgalgey5z,23HyzSnbYX,Marlin,Galgey,93 Trailsway Plaza,423372
nquinnelly60,DBWSRSoY6qA3,Nat,Quinnelly,1937 Hintze Junction,390317
sbirtchnell61,NHBFAq1bShx,Shepperd,Birtchnell,459 Lakewood Gardens Lane,232842
ncranch62,rOBIUv8p4LR,Norbie,Cranch,9 Lien Drive,300768
rspinnace63,T6Pl53l6DjW,Rube,Spinnace,473 Hagan Point,323142
jcharker64,ssQNvBz5Hw,Jackie,Charker,13 Sundown Way,190207
llongbone65,UC6Wrjowm,Leanor,Longbone,72 Jay Pass,781187
dpoint66,1cJpTKtMc4,Desmund,Point,7228 Heath Street,365123
gmacvagh67,7iiFeCfat,Guthry,MacVagh,0 Susan Center,522058
rspickett68,Cvlo6RR,Raquel,Spickett,3817 Jana Trail,297170
wharrill69,kxZu2HZz3q0,Wallie,Harrill,2064 Menomonie Street,390009
fsoutherns6a,hFVexBfKx5RP,Fulvia,Southerns,20 Farragut Road,272603
jgleeson6b,gyJ9HCKCHB,Jocko,Gleeson,99992 Del Mar Place,119855
lboreland6c,FhwizRhAuJkR,Legra,Boreland,23296 Twin Pines Terrace,120903
nmalim6d,uwS8zCa08A9,Nariko,Malim,35801 Hauk Circle,625482
adubock6e,dnJbOd0I,Abie,Dubock,96636 Meadow Valley Circle,809370
sberndt6f,Y2jhTP,Staffard,Berndt,3324 Alpine Lane,200228
lhallard6g,CyOEYQ,Ladonna,Hallard,001 Blackbird Junction,519755
friccardelli6h,5TYXVkT,Fey,Riccardelli,35 Commercial Hill,847331
bwilderspoon6i,5iW8GCAbJM2G,Bennett,Wilderspoon,52 Superior Park,821853
kpierson6j,Wdzi5M,Kiel,Pierson,18116 New Castle Crossing,625732
wwyche6k,dAcPCpYpjZsl,Welch,Wyche,13538 Holy Cross Lane,306378
hsiemantel6l,1Tm8dpTtu,Haleigh,Siemantel,91 Schurz Way,709756
ssomerbell6m,FbCvmxYb,Sansone,Somerbell,50013 Mandrake Place,810022
moty6n,0cxJuu,Maren,Oty,22948 Vidon Alley,794403
cspary6o,xefele,Catlin,Spary,96 Thackeray Parkway,423854
ecatling6p,iS8BL1b1Hf,Ed,Catling,92374 Pleasure Place,547162
arennocks6q,2TBupzo,Arluene,Rennocks,97 Kedzie Lane,634282
esacase6r,6YFaPF,Ellis,Sacase,83 Carberry Junction,129903
rmcgifford6s,JpBKcO,Remington,McGifford,788 Tennyson Drive,232358
dlindop6t,WjdzH6LT,Denys,Lindop,80475 Loftsgordon Way,144851
jwhittock6u,N3hnmjP,Jere,Whittock,10573 Hallows Street,455656
mpoad6v,EHLr9Z3,Meghann,Poad,26688 Harper Pass,190653
randreucci6w,aWV6C6,Reinwald,Andreucci,56 Cherokee Trail,924915
valabaster6x,uOnQG0sZ,Vlad,Alabaster,497 Ronald Regan Trail,127527
llacroce6y,dip1DvcFxx,Lazaro,La Croce,48 Colorado Road,471680
gplail6z,OGC2Zg2Z,Giulietta,Plail,4 Sloan Trail,386036
gstent70,7hUVz9RNc9r,Gilles,Stent,97 Hovde Way,668876
sludwikiewicz71,DHFxWVZE,Sheela,Ludwikiewicz,07759 Cody Junction,873442
mcorish72,d966D8,Margeaux,Corish,6255 Onsgard Trail,961157
idecastelain73,Mx6aZk1,Iris,de Castelain,27360 Petterle Avenue,593014
wrooper74,MCTch5dlTHq,Willette,Rooper,67493 Menomonie Court,585105
nlairdcraig75,PxsPwlvrZtDN,Nefen,Laird-Craig,22 Sunnyside Parkway,249530
abartolijn76,lY3GeU,Angil,Bartolijn,4 Ronald Regan Drive,951101
rtemblett77,JJUrFnMskYIY,Robbin,Temblett,807 Morrow Alley,717608
ehollingby78,Z67oaG,Emile,Hollingby,788 Charing Cross Way,774046
ldockray79,x2aGBkEUXOKC,Luca,Dockray,78763 Vera Alley,445167
asimonin7a,INWoXwfNg,Ailene,Simonin,511 Amoth Point,785746
jgulston7b,yLgNbgsHnu,Jacintha,Gulston,3826 Ludington Point,608032
brearden7c,cb8q8fEyPP,Brocky,Rearden,00 Mesta Circle,850498
cdubs7d,4qtgdShqF9,Casar,Dubs,9 School Drive,804640
ecutchie7e,HF4JjE9,Ewan,Cutchie,35674 Holy Cross Street,340088
bivimy7f,yKqo46zoYmW,Bridie,Ivimy,2 Eggendart Park,661182
zfroschauer7g,OFRCOd4zZ,Zorina,Froschauer,2 Talmadge Way,178767
mbraybrooks7h,XvqGcjN,Marco,Braybrooks,65 Wayridge Circle,740808
mkeslake7i,PtsbagiR7,Mari,Keslake,74 Montana Park,105398
hwollaston7j,FLRxyD,Holt,Wollaston,122 Granby Trail,816856
llatchford7k,jzCUOG,Letti,Latchford,9799 Grover Terrace,599163
hmengo7l,L8BYdZBAfIy8,Hollyanne,Mengo,07 Alpine Trail,466273
swearden7m,k7qRAes4EU,Shanna,Wearden,68626 Dapin Place,254980
jcrackel7n,N950aj2D,Joannes,Crackel,02823 Mosinee Trail,517655
hteodoro7o,SnXaV62,Hulda,Teodoro,96483 New Castle Way,908792
wmulqueeny7p,JQYmG1,Winonah,Mulqueeny,6 Mariners Cove Center,974747
mdavley7q,VkZhWidOt,Meyer,Davley,140 Crescent Oaks Trail,812971
mkittredge7r,fB1jBldA2z,Magdaia,Kittredge,8258 Gateway Alley,449240
gblackey7s,xOOSlM,Gael,Blackey,39043 Mosinee Place,883385
chardage7t,q5fIPOSDHMw,Calley,Hardage,7 Carpenter Place,773650
hcrocroft7u,GMVDtSb5Lm4H,Hunt,Crocroft,75627 Larry Place,466753
mmyrtle7v,ffBITo8L,Marve,Myrtle,72042 Heath Circle,180788
rdumberell7w,39B09VfzoJe,Raviv,Dumberell,89305 Delladonna Place,336821
crelf7x,gsvAVcLf41,Calley,Relf,1 Hallows Alley,175106
phedau7y,C0hXxrME20x,Petronia,Hedau,26803 Buhler Street,486528
swarkup7z,jkLOmQ5Q,Saree,Warkup,70 Laurel Trail,564224
aallwood80,eFPAGNRNSP1s,Andra,Allwood,90451 Bunting Street,961279
jdikelin81,fsEk6e,Judon,Dikelin,49712 Russell Junction,664239
emountcastle82,AxcjvN1Hs2,Esdras,Mountcastle,8413 Crescent Oaks Circle,687234
hbresman83,UwlNhBvJX6,Hana,Bresman,0 Brentwood Place,859858
wgeaveny84,ipvgqFZxVu,Wendi,Geaveny,8 Golf Way,961554
rforce85,BV0IpE3,Robinett,Force,61 Maywood Point,338291
cskewis86,VfIWHal2D,Cris,Skewis,9 Golf Center,725105
wdelion87,CBwtsyVHmFma,Waring,Delion,15625 Donald Crossing,373020
crickword88,KIvKzXja4,Cybill,Rickword,66 Bay Terrace,255006
ctrinkwon89,vghjqdkIOx,Casar,Trinkwon,0489 Granby Road,604087
ksaph8a,f7RiwlXc4,Kliment,Saph,07808 Daystar Point,555393
aivakhno8b,5z8HGwmKv,Arin,Ivakhno,87446 Mockingbird Court,688633
whamments8c,uc5dza,Willow,Hamments,2 Jana Crossing,381965
sleverett8d,IYXEZ0n2wRH,Sharline,Leverett,9086 Hoard Center,758163
akingdom8e,tttJGf0gkz,Alleen,Kingdom,11790 Evergreen Avenue,666675
kkale8f,sK4TmOkN,Kahaleel,Kale,951 Hanover Street,910725
tbessell8g,1I1RjS2d2Ysx,Theressa,Bessell,81 Shelley Way,779791
btidbold8h,5TfwcGyfws,Bobbi,Tidbold,6 Melby Lane,164046
jdeniso8i,SFLUcwXZ,Justen,Deniso,03357 Old Shore Junction,914829
bspohrmann8j,VMVMeBjLAT,Bernadette,Spohrmann,8261 Debs Point,464649
nchurchill8k,0UwcY78i,Nataline,Churchill,5 Victoria Alley,579301
aballintime8l,kU9XsXsPq,August,Ballintime,483 Moland Drive,428725
isowrey8m,l9epr5Aw5C,Isidoro,Sowrey,876 Arizona Road,818751
ktomlins8n,01u9CcpCTV,Kelvin,Tomlins,72911 Hovde Lane,305802
bhaggata8o,gqYUreZLk7m,Bethanne,Haggata,18 Transport Alley,911123
tmethuen8p,NQXjDAV9F8,Thedric,Methuen,75220 Linden Trail,281428
dmorde8q,lJoqcfLKSwRz,Deloria,Morde,7677 Trailsway Terrace,299582
wdanilovic8r,e4d3gg,Wait,Danilovic,73 Truax Avenue,548457
lvigietti8s,p8oQBRy6snYr,Lilith,Vigietti,6220 Fisk Parkway,130561
dstranger8t,vU4jPl,Devonna,Stranger,490 Hallows Avenue,806018
aspoure8u,ZvcFfqM,Astrix,Spoure,49 Judy Terrace,839855
tkincey8v,RAciN2nK,Tabb,Kincey,168 Crownhardt Court,964244
tstarkings8w,n6AGYurvoeO5,Theodora,Starkings,74 Waxwing Alley,639922
rbrody8x,xhlVxe5fx5e,Rawley,Brody,40 Spenser Park,648279
wbolzen8y,y0XsuoNlodh,Wilfred,Bolzen,4259 Summerview Crossing,930384
fhumberstone8z,iNPKEAglam,Farley,Humberstone,7 Annamark Hill,621413
dzute90,74TV6Ndy,Debora,Zute,0 Burrows Park,155026
cabramin91,F7b2Jx,Conway,Abramin,08044 Bartillon Avenue,812945
pgrote92,At8JiiF6,Philbert,Grote,709 Village Terrace,145767
ahamfleet93,03kj7ZkBSdE9,Aluino,Hamfleet,5660 Lakewood Gardens Crossing,714853
tchopy94,FKlmh3,Trixi,Chopy,0568 Hanson Park,738509
eainscough95,nelXxKMOQt,Elvina,Ainscough,81624 Oakridge Park,232158
mkhotler96,xqEbZZRZe,Mary,Khotler,37040 Hauk Lane,136548
wburkart97,Bj60Bw,Wilma,Burkart,54 Cody Plaza,701397
abiddiss98,GvwIl5,Aleksandr,Biddiss,941 Manitowish Hill,509169
ebillingsley99,uAJ4iA535t,Ermin,Billingsley,4 Golf Pass,252171
mhaville9a,0YJxJQMAf,Margot,Haville,1 Graceland Drive,218848
zmorando9b,dHj2WOcMFPul,Zacharia,Morando,54 Cardinal Parkway,275769
tmclanaghan9c,X9wJLF,Theodora,McLanaghan,0 Walton Point,712112
ecicccitti9d,AsSfzOEvtOL,Ellynn,Cicccitti,04199 Schlimgen Avenue,197893
jsoda9e,AgD5JWfLIOhY,Judd,Soda,92928 Anniversary Hill,114307
randrasch9f,NENm3Ir,Rebe,Andrasch,89803 Kedzie Crossing,758280
gyoull9g,SaZGorGV9,Grethel,Youll,52100 Autumn Leaf Circle,742165
kseine9h,l8NeTQ,Koral,Seine,48728 Claremont Point,776867
otal9i,JqpqsJx8BT,Olag,Tal,12262 Ridgeview Hill,455157
pprickett9j,HAAHuCQ2uJ0,Paulie,Prickett,2674 Dayton Alley,948109
bsymers9k,AkRv3U4D,Bernadette,Symers,30 Homewood Street,526303
rhaggidon9l,WSOUGbGuBe,Raphael,Haggidon,47716 Northland Court,596195
ohadfield9m,FMcZRMt8ZM,Ody,Hadfield,227 High Crossing Hill,345263
lraiment9n,DbB2SvFEcv,Lanny,Raiment,8 Russell Parkway,709910
acrichten9o,26AsPnCCmb,Amber,Crichten,250 Thackeray Avenue,807765
chubberstey9p,BSCPi16J,Carley,Hubberstey,20 Larry Hill,284831
psherewood9q,GTPvPxld2sZ,Patty,Sherewood,10104 Maryland Center,992687
tcoulton9r,Esa08hZX,Teresita,Coulton,0965 Crowley Point,123932
jfredi9s,usRSVii2qQP9,Jonis,Fredi,043 Stoughton Terrace,586489
rcaddie9t,fisskQXpOu,Rowe,Caddie,42 Gale Drive,558461
eaddey9u,76iv1s,Elvina,Addey,4 Waywood Drive,915313
bscarff9v,qHR3oUQ,Benedict,Scarff,1841 North Parkway,817768
rriddett9w,3qlfUJ,Roxi,Riddett,5172 Forster Place,884173
tcardno9x,VDEFhclle,Tadd,Cardno,4307 Packers Alley,965667
mledeker9y,5lByvUxO2T,Moira,Ledeker,433 Tennyson Lane,839966
cmeynell9z,SfolM5rCVB,Cassandre,Meynell,2521 Express Pass,280827
yfindlowa0,tKMISZDJJtGn,Yale,Findlow,227 Carpenter Place,385027
dbarnbrooka1,oKH4koz,Dorey,Barnbrook,35868 Calypso Place,808801
tmaleka2,R5vKOng,Terrence,Malek,92 Haas Drive,409584
vvedyasova3,c9FylexmR,Viole,Vedyasov,66 Killdeer Center,592164
kdibsona4,59KDcLFGL,Karmen,Dibson,455 Bultman Parkway,536161
ndrinkwatera5,e8yWzXhRsK3n,Nadia,Drinkwater,6859 Bay Street,250901
zsiggerya6,YjflKsmJFh,Zacherie,Siggery,250 Algoma Trail,153471
cbarehama7,gyjDcf9,Clarie,Bareham,737 David Crossing,939626
benglishbya8,FgEcOCfX,Barrie,Englishby,57302 Cordelia Parkway,265578
aperellia9,kNHPEbz9,Alisander,Perelli,31 Del Mar Street,574054
cboeckaa,oNhfau,Ciel,Boeck,55 Burrows Drive,293201
tgreensetab,FBmALMF,Teodorico,Greenset,67114 Derek Hill,967032
nscriverac,YcchchFg,Nicolle,Scriver,559 Merrick Street,570895
mwraggsad,Bf1lHV3o,Matias,Wraggs,30 7th Road,901809
cpenrithae,bjC71H,Corinne,Penrith,7079 Mcbride Circle,789051
gthreadkellaf,Yfk0z3I4C,Garry,Threadkell,9499 Bellgrove Street,103064
oblaschkeag,fTUg1oh,Ondrea,Blaschke,6491 Susan Plaza,636390
ekeenlysideah,ScEMQrEVm1,Evangelia,Keenlyside,453 Stone Corner Lane,405365
fgennrichai,8FHL8y,Fayina,Gennrich,5 Fallview Point,805358
fcanlinaj,DY4YbyUe,Flo,Canlin,38188 Northfield Drive,561602
gsmallak,jmsURCOmgBLt,Greggory,Small,69357 Commercial Court,684094
fspoffordal,lcyV5VFTHH,Frieda,Spofford,01 Almo Plaza,339583
mgonnelyam,qbJtYG7MzR,Micheil,Gonnely,84 Maple Park,642389
abarrabealean,2bmFNx,Arny,Barrabeale,769 Pennsylvania Drive,436567
glippiettao,viEsxp,Gabie,Lippiett,09 Kings Lane,743457
eculpanap,icrtuttGaI8,Elmore,Culpan,67425 Coleman Court,498147
msimmansaq,g3lWkjjFrAnY,Margaret,Simmans,0 Summit Point,522906
fstokesar,xUAJkz,Fawnia,Stokes,986 South Center,557014
gegreas,rsm1x6k2N7e,Gabriela,Egre,5 Toban Road,509739
mleportat,7e1TPMPH,Mitchel,Le Port,2 Sauthoff Crossing,832049
thoogendorpau,IAQr8SgcJyrt,Tabor,Hoogendorp,6620 Arkansas Trail,680356
cvasilyonokav,hGaNAZHfav,Chiquia,Vasilyonok,543 Sunfield Center,141473
blauranceaw,yE2o3ym,Bearnard,Laurance,5494 Tomscot Park,424672
labdonax,rIuY71,Lennard,Abdon,33911 Swallow Avenue,643736
lwestfalenay,Kf5gj0GurBJk,Leisha,Westfalen,80823 Northfield Crossing,431576
cgreevesaz,XcGU7Mk,Cad,Greeves,43 Dapin Drive,882812
bjenkisonb0,94HdPT,Britt,Jenkison,424 Anzinger Way,161459
awynrehameb1,ww1hzhY0GoB,Alessandro,Wynrehame,683 Lindbergh Crossing,472466
elaugierb2,x4aTeCZ1,Eartha,Laugier,0456 Alpine Crossing,850446
cleggisb3,sPV59SdmjNX,Corene,Leggis,7 School Park,335392
sdepinnab4,VerbSI6z,Sylas,de Pinna,45731 Springview Road,794197
mhuckerb5,Ipv9gXBNw,Meagan,Hucker,38994 Lindbergh Circle,621250
csoldnerb6,Wo2Em9lvPk,Clemmy,Soldner,57012 Bowman Trail,584803
mjusthamb7,Y7OS7ONh,Manya,Justham,169 Swallow Lane,342923
lbelisonb8,hBSJEuIzF94,Laurie,Belison,37974 Cambridge Park,927461
jsherrellb9,4WbtBKol,Johannah,Sherrell,3176 Hovde Crossing,624730
kberensba,kiLKqS5sJKTf,Katrine,Berens,935 Moland Point,423391
amatieubb,NhOyiUxzG7,Arlina,Matieu,0722 Loeprich Road,276016
bphippenbc,tMIhVBpeuiu,Boyd,Phippen,25 Leroy Crossing,439978
rwasbroughbd,Jmfd9GVc,Ransom,Wasbrough,92 Sutteridge Avenue,495774
cpavolillobe,sPjsrIVXHtTi,Concettina,Pavolillo,6990 Atwood Parkway,376472
kcolliarbf,iTYQAWTCQ,Krystyna,Colliar,17036 Anniversary Alley,732979
ewiggallbg,eZ00go,Eada,Wiggall,60955 Superior Park,986587
sguillainbh,VQglaADZ,Sean,Guillain,218 Anhalt Hill,229876
tblagbroughbi,LeLQfGJDrE,Theodoric,Blagbrough,16 Crownhardt Crossing,217245
uwyldborebj,L36LUGh88D,Ulrich,Wyldbore,11766 Hovde Lane,312343
lhamblingbk,effme9ECZd1,Lorette,Hambling,8 Hayes Road,637790
jcuerdallbl,uaLvChoeYF,Jorie,Cuerdall,187 Dennis Pass,862876
dwitheringtonbm,XsqRfa7A,Dallis,Witherington,319 Express Place,215736
lpragnallbn,tNxkuyMaiANp,Laney,Pragnall,4 Esker Pass,620020
nelrickbo,4LS9KiXXp9RW,Niel,Elrick,50 East Hill,832601
wgilliardbp,wTIqfG0kA,Walsh,Gilliard,8 Fisk Lane,928239
eskinleybq,7A7Fs22g02Nc,Esra,Skinley,101 South Court,210997
akordasbr,uPHtzsE,Aime,Kordas,1789 American Ash Parkway,789602
scomettibs,Yg7Fvf,Skyler,Cometti,8111 Novick Plaza,844047
gpiensbt,IEPYCYq,Gaylene,Piens,6 Riverside Terrace,618233
calesibu,mfNKlRa,Corey,Alesi,39 Everett Lane,384544
vsleggbv,6IxuKjpaD,Vick,Slegg,7 Blaine Street,564230
phanniganebw,E88ToeL0P,Pauly,Hannigane,742 Sloan Crossing,489711
stinniswoodbx,BvjJkMEt7H,Stefanie,Tinniswood,4001 Londonderry Junction,788905
shalseby,Ci1B3Fch2SNg,Staffard,Halse,894 Merchant Road,515882
grylandbz,oCINB6,Glad,Ryland,03 Cody Pass,986515
ztomekc0,xmTrqW3z,Zebedee,Tomek,5541 6th Park,265523
rjarrardc1,z7pomMl,Roxanna,Jarrard,351 Ohio Lane,247984
nflasbyc2,i4Yne9h2k,Nye,Flasby,75 Almo Terrace,629034
snyssensc3,7i8GpaQi6,Shelby,Nyssens,6 Dawn Road,880763
clawillec4,zZ5Tw1Y,Cirillo,La Wille,951 Elmside Point,475771
iautenc5,mTAbzXFRoux,Ian,Auten,417 Steensland Trail,107459
greignoldsc6,eEwIBiNJd,Geoff,Reignolds,80 Holy Cross Plaza,948497
cmilbyc7,mirvLg7,Cayla,Milby,608 Toban Street,368964
dfryerc8,uju6i9f4FI,Dianemarie,Fryer,7238 Tennyson Pass,269432
lcunniffec9,UZQ81d8YW2Nq,Lindie,Cunniffe,37 Bunker Hill Plaza,841494
rmaclavertyca,bvFow1U7B61,Reynold,MacLaverty,04346 Sunfield Parkway,394158
zingcb,kNIBoV6j,Zaneta,Ing,39 Saint Paul Crossing,490438
acastanercc,mykg5Dnx,Archibaldo,Castaner,203 Anthes Court,218336
dfordecd,EwCKwo,Danell,Forde,582 Bartelt Street,950079
lmenichellice,Bv5df1cvG,Lane,Menichelli,51 Sutherland Trail,732277
ghandasydecf,PmYWfcTPhA,Griffith,Handasyde,19316 Cottonwood Parkway,833183
arableaucg,7vRYQrPASha7,Auria,Rableau,72503 Colorado Trail,533365
cdrinkalech,t1ggwmjbdviq,Coleen,Drinkale,60782 Redwing Terrace,865849
rproppersci,hAp6JR,Raynard,Proppers,4994 Steensland Lane,652543
hgoodaycj,ByrrUB,Hersch,Gooday,08844 Shopko Hill,785387
ksainzck,jXTPaIqT,Kelsey,Sainz,5528 Glacier Hill Point,333603
eespadacl,cTkfZbv4mrT,Earvin,Espada,39 Clyde Gallagher Circle,139405
agiabuzzicm,WaPj60,Alex,Giabuzzi,897 Twin Pines Circle,648063
aiacabuccicn,SsSexWtO,Arnold,Iacabucci,1 Maywood Crossing,238835
abirminghamco,F3u0VofLO,Aubert,Birmingham,3376 Grayhawk Street,895138
jjeannenetcp,YLnfTRH,Joelynn,Jeannenet,39723 Heffernan Lane,297966
rglasbeycq,EZZ84LgqUy7T,Rene,Glasbey,1874 Stone Corner Alley,108189
ndouchcr,guZNWdDUi6e,Nathan,Douch,550 Roxbury Park,363027
wklimtcs,GaCPiO2Wx,Willy,Klimt,57 4th Place,654307
jsympsonct,NjDzQMLKPAZg,Juliana,Sympson,5 Arkansas Plaza,458469
glabramcu,le6As0,Gilberta,Labram,002 Butterfield Alley,340592
lhamecv,wwP7pm61,Lorant,Hame,75909 Kensington Hill,843890
zchallacecw,5adQr5osV3SI,Zed,Challace,8 Sunbrook Parkway,387111
aattenbarrowcx,IzNdh1iukVDp,Astrid,Attenbarrow,43450 Cody Way,629602
gvanhallecy,CwUuRY,Genna,Van Halle,57 Comanche Terrace,782017
kjindacz,gKxKjq2,Ki,Jinda,7 Maywood Alley,529196
gortad0,L0r84l5BgL,Ginny,Orta,22 Scoville Point,990547
mjozefiakd1,aAu8fGjXZ,Mikey,Jozefiak,10382 Maple Parkway,455212
ebeirned2,GBPokbG37,Evanne,Beirne,9 Spaight Point,198462
uormesd3,xhZwf5dafBt,Ulrike,Ormes,98 Sunnyside Parkway,203024
cpetegrewd4,5xQYcZQse,Chandal,Petegrew,44 Straubel Drive,729735
fmacturloughd5,7YogOf9UjgW,Florencia,MacTurlough,52026 4th Plaza,988731
dswanned6,1jeC5HLg8TB,Duff,Swanne,8327 Eastwood Junction,488738
mbonifaziod7,ch2U9aEY3dB,Margo,Bonifazio,9 Browning Drive,635726
sfeldsteind8,HckLmJcOaqJf,Sal,Feldstein,1 Milwaukee Parkway,600712
ggandertond9,K1bucErx,Gaultiero,Ganderton,71 Ludington Park,725429
bbinnerda,Nl6DXB,Brigitte,Binner,1 Cambridge Junction,903294
cbrambleydb,TgT0XPx,Carol-jean,Brambley,9521 Sutteridge Plaza,459256
aziemendc,RVfpgEyMIc,Aime,Ziemen,07853 Knutson Way,157615
gguyerdd,v0FRwTv,Gabe,Guyer,2 Declaration Road,409113
blagneauxde,w6xShb1,Blair,Lagneaux,86 Texas Way,836821
jheskindf,zXTJoH03Omk,Jody,Heskin,3644 Barby Trail,467121
fgalgeydg,RHATwhBmtBle,Flss,Galgey,75 Gulseth Center,250796
hdobrowolskidh,58Ad6fe,Hermina,Dobrowolski,2 Dryden Crossing,507106
moconnelldi,ebGNCnrJT,Merola,O'Connell,59887 Kipling Drive,465522
cdumphydj,KrxD4lwWAAr,Constantia,Dumphy,7975 Longview Park,420179
amandydk,DZLBNotURto4,Alex,Mandy,0660 Ridgeway Terrace,596092
krizzinidl,eCSnYXveX,Katina,Rizzini,58 Browning Drive,432351
bwheatmandm,729MGINgo,Bambie,Wheatman,1553 Monument Way,430252
lbattingdn,350WCLTo,Lawry,Batting,17 Muir Terrace,909507
houlnerdo,Hoydhm5M,Hugh,Oulner,568 Steensland Road,118104
slittleoverdp,91gYENUd,Sandro,Littleover,46816 Rutledge Terrace,504191
sjarrelldq,nce3lh2I5,Salim,Jarrell,09144 Northland Pass,139792
tmordiedr,NnhCP0QqkW8,Trevor,Mordie,61 Harper Terrace,200570
ghallyburtonds,H7tXoCf,Germayne,Hallyburton,17 Valley Edge Park,191057
fcaprondt,s5UoTjGOpk,Fairleigh,Capron,0227 Gale Hill,625685
agianettidu,1DHV6H,Anjanette,Gianetti,4754 Hermina Center,917098
glawsdv,6DZXDT6TTHk,Gusti,Laws,433 Grover Junction,959780
bgippdw,vAVlmU7M2R,Brent,Gipp,891 Forest Dale Hill,895101
nadamedx,YF3CeC5Nz4,Nataline,Adame,90504 Rutledge Terrace,157606
swatkinsondy,9T9QU2V8fp,See,Watkinson,59703 Columbus Junction,872343
rrobinettdz,bd8SzKLZlzc,Rutger,Robinett,1 Maywood Court,956711
swemese0,YVujucDX,Scarlet,Wemes,66506 Donald Lane,261273
rdownsee1,R3SyNE,Rafaellle,Downse,314 International Court,671173
gsheklee2,9aty6QQuRN8,Gertruda,Shekle,5 Golf View Parkway,311207
kwyone3,Ai24Y1,Konstantine,Wyon,4 Kinsman Parkway,413452
mandreinie4,5yBAUMZEW72,Melanie,Andreini,052 Dryden Place,439831
pgilfoylee5,Y5Bl5mJ7,Purcell,Gilfoyle,09334 Vahlen Alley,693067
sdormone6,nRA3mXoGn,Sibbie,Dormon,2693 Haas Lane,911760
ghyndese7,kpTo6kG,Gwyn,Hyndes,08068 Garrison Crossing,183990
rfarmiloee8,qDaNM3vAkm3w,Regine,Farmiloe,96 Grayhawk Alley,459834
dkimblinge9,qHd7jKQzg,Debora,Kimbling,40 Buell Plaza,755889
chalsonea,pL5fCrM,Cash,Halson,5 Eagan Parkway,343703
gollerenshaweb,qRLt33NDkvn,Ginger,Ollerenshaw,4 Dakota Point,384110
dbylesec,fNu9ZEI,Daniele,Byles,396 Forest Way,992461
ohowtopreserveed,bu0lnp30e0f3,Obie,How to preserve,88 David Circle,190907
bodriscoleee,CPjH666GE,Brit,O'Driscole,93 American Junction,550347
cpesicef,jyXg8r,Christine,Pesic,99 Bowman Pass,937098
lkrauteg,IK9P4EG4LuT,Lane,Kraut,228 Brown Lane,367098
speglereh,gQ4uofR,Stefa,Pegler,57 Jackson Way,992218
mdurlingei,6Yq2al3rL,Mata,Durling,371 Bunting Parkway,485985
mseakinej,PPmRcS,Madelin,Seakin,83900 Rockefeller Crossing,968734
jreckeek,3DfbtPBtlm0L,Jacquenette,Recke,302 Boyd Court,273947
rgullanel,R9UEgcQ5,Rog,Gullan,73861 Toban Avenue,842180
hdibleem,cXGawY9WxUqq,Hillyer,Dible,858 Anhalt Circle,325285
mmackledenen,k02gwkYXzwl,Marga,Mackleden,37 Melvin Road,941962
bdovinsoneo,ltW7dqIntp1,Benedicto,Dovinson,98496 Redwing Circle,366981
ftotaroep,wL8Ou8Xv2,Fletcher,Totaro,696 3rd Road,897839
cisackeq,MYFVj11A,Craggie,Isack,425 Bartelt Place,952984
aroyaller,VPf4vRqpdJR,Alister,Royall,275 Pepper Wood Way,412759
galcaldees,ez3IIYUMd8Mb,Galen,Alcalde,506 Graedel Junction,951737
bwagget,D4GDx1V,Byrle,Wagg,780 Doe Crossing Plaza,796752
fhaskeweu,MLlkM9IU0nL4,Fairleigh,Haskew,5 Mesta Court,521138
mdeppeev,8lXXD8k,Mohammed,Deppe,84171 Lunder Terrace,643703
takredew,py4dWoVv0u,Taylor,Akred,75581 International Hill,111063
cscarrex,7A75Jo,Catlaina,Scarr,69655 Grover Parkway,734033
lmillbankey,APNoDfyo1u,Luca,Millbank,29 Golden Leaf Terrace,861695
dgelletlyez,qGkRvuGNZ,Donavon,Gelletly,3 Mcbride Alley,568106
rbartaf0,G1IEF4NE,Raynell,Barta,1924 Towne Center,210851
dlawleef1,mo0MYl,Dierdre,Lawlee,30375 Eastlawn Crossing,101912
hchartf2,eYZaOR3Mix5C,Ham,Chart,491 Sauthoff Hill,368461
jhamflettf3,NdwfhS1,Jillie,Hamflett,749 Prentice Street,245851
kfearnsf4,fmJ9pJCJQI,Korella,Fearns,29 Dexter Place,849208
ichalcraftf5,gWyDst,Isa,Chalcraft,74306 Lake View Place,927991
rhorickf6,qI4UqmmRlukk,Risa,Horick,3 2nd Circle,283037
gcuddef7,z9E1kZTlR4,Gannon,Cudde,8624 Hollow Ridge Terrace,784533
abeebeef8,1X0DBaWSwdwA,Annabal,Beebee,4 Reinke Point,915784
drubenf9,xrCjxq,Dyanna,Ruben,1654 Mendota Drive,358515
larissfa,fKkrVOunl7D,Lonnard,Ariss,6 Fuller Way,133255
dspeckfb,DWfG0pCk0G,Danielle,Speck,8 Thackeray Junction,485476
hcockfc,9gbwX8C,Harold,Cock,6547 Autumn Leaf Alley,114041
chexumfd,9gKfWHgI9LT,Casandra,Hexum,86 Golf Course Terrace,816257
ncorrefe,MOKUFmfXp0,Nico,Corre,03723 Westridge Parkway,187477
jkemerff,Wb2A2OU,Janek,Kemer,67 Manitowish Parkway,657460
ikinghornefg,AzcPyOqrkJC,Idaline,Kinghorne,72421 Washington Terrace,975350
jseedsfh,0QAoz7mzkO7,Jackquelin,Seeds,7 Thompson Drive,803008
dedlingfi,D5k0vpY,Debbie,Edling,3409 Waywood Pass,297256
lgaginfj,fXnBmioY,Leonard,Gagin,54467 Elgar Plaza,874549
acantorfk,wAcwvzlzB,Aggie,Cantor,6 Graedel Place,174885
abatchfl,DZkG8duq6ag,Arlette,Batch,02 Northfield Crossing,236566
etennewellfm,fFQtRqe1GtG,Edan,Tennewell,11 Spohn Way,138073
lramsellfn,6qeljS,Lorette,Ramsell,3479 Meadow Vale Road,531508
imckoyfo,DODQZhdNTH,Ina,McKoy,7330 Carberry Way,316779
svlahosfp,XEit8bP,Shelli,Vlahos,6179 Sachtjen Hill,794092
ydewdenyfq,OKijiN6CYmHE,Yorke,Dewdeny,99583 Schurz Drive,939505
kstranahanfr,Q9nqWg0HvG,Kristopher,Stranahan,01901 Superior Lane,859198
sthoriusfs,QOkgeGGpF,Sergei,Thorius,9 Forest Run Parkway,719501
aoshirineft,veTFSgqtuB,Amabel,O'Shirine,45 Fremont Pass,424877
ofilyushkinfu,ZEN2xNLowtAv,Oriana,Filyushkin,20856 Hermina Park,817564
kfairlamfv,aIPFEwl2h,Karissa,Fairlam,385 Ronald Regan Pass,196552
pwakesfw,vDZ8mRv,Piotr,Wakes,922 Utah Circle,959495
rkirmanfx,58zZtnWrxl,Rikki,Kirman,64 Saint Paul Road,830096
elamberteschify,ObwZXfHl7c,Elyssa,Lamberteschi,9072 Crescent Oaks Street,217422
cnanglefz,gWRqju,Chrissy,Nangle,34694 Everett Center,705221
sspillerg0,AhHzrbo0Qr,Stepha,Spiller,634 Lukken Point,290015
npetticrowg1,WA2wH89A1wGf,Nial,Petticrow,0 Melrose Crossing,264599
fdrohung2,dHMFJe,Flynn,Drohun,9113 Fordem Pass,735087
etinwellg3,5e9iQqwg,Eberto,Tinwell,6 Harbort Trail,193629
dnoirg4,4bazFKJldW,Dulcea,Noir,7465 Sycamore Road,923015
mertg5,pd369Pl,Maure,Ert,463 Del Mar Way,471144
acastang6,9kuZXgkSs,Allx,Castan,78659 Esker Street,179974
rcunahg7,kDngwwj1BYv,Rivalee,Cunah,3 8th Way,242902
edaelmang8,ltVbGw4A5mrs,Ephraim,Daelman,2 Cherokee Parkway,408958
bprantonig9,wr7s5p,Bettina,Prantoni,9705 Packers Terrace,257279
krojaga,CikE8CxQ,Kakalina,Roja,2480 Sage Point,472940
aschoolcroftgb,yAXDRr9,Alidia,Schoolcroft,080 Spohn Place,922089
jblewettgc,GQMG9Uk8e,Jan,Blewett,691 Corscot Pass,287755
lcostingd,4Nwgl50Pldb,Lilah,Costin,183 Bunker Hill Circle,621489
tcotmange,dO4zcdj,Tiff,Cotman,54654 Saint Paul Point,541925
cimesongf,4yCq5sVhJfWL,Carlyle,Imeson,48 Declaration Pass,206610
rlestergg,sOJy4q,Ruperto,Lester,4695 Roxbury Pass,783613
jheathgh,wgkWYlmmHF9C,Joana,Heath,274 Sloan Center,777419
mgilligi,9EqnVhP,Maudie,Gilli,56 Merrick Road,699820
chowfordgj,hg3xAJa0CNXS,Cirillo,Howford,7480 Colorado Park,887722
mchatterisgk,JFnfX9,Mada,Chatteris,1 Esker Way,982620
aaskergl,jvKFys8H,Amber,Asker,2 Alpine Lane,167403
wdefondgm,19mVIQQIXy,Waring,Defond,447 Northwestern Place,185896
tyakubovicsgn,rL3BWwPFP,Tildie,Yakubovics,91 Washington Court,965576
dmatterfacego,F7lqHmqlf,Dennie,Matterface,3 Onsgard Terrace,465157
gkayesgp,3YV5776OP,Gwenneth,Kayes,4 Ohio Place,720675
begglesongq,p7xpCR4,Britni,Eggleson,165 Loomis Parkway,493853
bleathergr,xO09GS90UjF4,Bartlet,Leather,9 Briar Crest Court,157217
areichartzgs,zuDMOgeOnLxR,Arv,Reichartz,8 Summerview Center,228566
vmallatrattgt,JxoU5oh1Vx,Van,Mallatratt,55 Oakridge Parkway,640043
dtashgu,aYJpCKuy,Dimitry,Tash,07315 Prentice Circle,382559
eshilvockgv,mEYETPdh0x,Emmalynne,Shilvock,62167 Warner Plaza,863010
pfieldsendgw,XpIOT4M0,Paten,Fieldsend,84076 Farwell Drive,315070
hchalmersgx,WmrOOpSHCu,Hyacinth,Chalmers,06 Monument Center,616044
gdalemangy,nuwXEBjJcXbq,Gothart,Daleman,4766 Towne Point,871381
msustinsgz,SJITfxhy8h,Mariquilla,Sustins,87 Colorado Court,284380
bmessierh0,nLLYpmu7G2BF,Boigie,Messier,5227 Knutson Street,188054
rgoulthorph1,4mk8k1vC,Ralina,Goulthorp,48775 Coleman Road,998276
tjollandsh2,JQ4Xjj5c,Thomasine,Jollands,11 Kipling Court,666820
arobkeh3,EU0aK5FYdGR,Ave,Robke,4900 Eggendart Court,460349
jlayheh4,VgRDBdTFD23,Jacquetta,Layhe,96 Spohn Road,325211
medscerh5,k80aP84wORU1,Melli,Edscer,83 Browning Road,952834
rmcgreayh6,pyrNVYTpZKQ8,Rodney,McGreay,96436 Bartelt Court,327574
amarch7,LLhIj7KaIQJi,Amity,Marc,2 Springs Junction,386259
ckooph8,FS4GVcUy,Curtice,Koop,441 Independence Pass,839301
dbeiningh9,06MR0uZeAuAG,Derron,Beining,00849 Boyd Junction,123470
ngeeveha,nyXUQZY0g,Nicolas,Geeve,541 Manitowish Junction,925522
twalklothb,o6CmOAO,Taber,Walklot,6789 Tennyson Center,803966
vgasconehc,KxGKAWAZs,Vasilis,Gascone,2 Hauk Crossing,501093
callinghamhd,40rwWbiL,Clemmy,Allingham,663 Stephen Point,262728
rwinsiowieckihe,FKa4cps7,Raeann,Winsiowiecki,7277 Reinke Way,409490
lbertinhf,wR7I4uP,Laney,Bertin,802 Moland Pass,170265
kbarrarhg,Ig3IVz,Karoly,Barrar,3997 International Crossing,471042
ljelkhh,GQWvtx,Liam,Jelk,54 Nova Place,165587
bmeriguethi,LruXtIoW,Barry,Meriguet,97 Division Avenue,104554
ldimockhj,6aJJG0ocfPE0,Leta,Dimock,7 Waxwing Court,224081
kmalmarhk,XDuDXRG,Kennith,Malmar,51132 Morrow Road,769692
idarragonhl,IIbY5CP37,Isacco,Darragon,80 Merry Trail,327940
ahakonssonhm,8VJGCv86,Anselma,Hakonsson,2 Dexter Court,301568
gcobleyhn,BKWB3i2pbqE,Gabbi,Cobley,4 Clove Drive,102707
mterneyho,2cgCRM,Marianne,Terney,36 Waubesa Junction,129668
ccasillishp,rrEcZGaTq,Clemens,Casillis,00467 Kinsman Junction,956350
gangelohq,TbCffQjM0o,Gus,Angelo,4 Weeping Birch Street,647485
yjumonethr,EBX6Gx90u,Yurik,Jumonet,379 Kim Lane,162007
acouchmanhs,Xlw6z3jM9R,Aili,Couchman,31 Brown Trail,891667
ntookeht,tAYSPszcKVHX,Nanni,Tooke,3797 Forest Parkway,715936
cjelphshu,tlQsRpGiJ,Camala,Jelphs,4 Old Gate Road,258663
kcolcombhv,drziLPb,Krishna,Colcomb,20 Mallory Center,690733
bmatuskiewiczhw,jk5RRxy7sb,Bettina,Matuskiewicz,9132 Redwing Park,445567
bdarkhx,C06sNI0XObz,Birgit,Dark,57 Hooker Alley,152929
taronovitzhy,tY0S1FO8P,Terrence,Aronovitz,934 Golf Drive,581111
tdufallhz,jEgkHOTrcj,Tobiah,Dufall,76108 Buena Vista Pass,342492
scroslandi0,k9R5TP,Sallyanne,Crosland,29 Armistice Pass,483093
pdechellei1,00cQSK,Penelopa,Dechelle,46015 Basil Terrace,167405
ridlei2,zwDqNWia9Jh,Rem,Idle,41365 Lillian Crossing,678729
kedgeworthi3,AV5mp8,Kalina,Edgeworth,0585 Sage Court,455047
dstegeri4,Ihof9kJAJgVY,Dottie,Steger,4250 Jana Pass,174487
rstanbrai5,l0B1oh7KyC,Rycca,Stanbra,437 Carey Road,921760
mclementi6,khu5nyueeRdi,Maggie,Clement,30 Sugar Terrace,848422
rmcevillyi7,LJQfLy2XCD3,Rutger,McEvilly,25466 Vahlen Circle,865105
azanellii8,WFYnxRz,Angie,Zanelli,65 3rd Court,610907
bflanaghani9,Q74WiVDjEzgm,Butch,Flanaghan,39 Dwight Alley,340109
cpurchaseia,AVgpLRAcslzy,Curcio,Purchase,84 Forest Hill,239542
ccoadyib,ECwPHvTvX,Court,Coady,0368 Sugar Parkway,146204
jbembrickic,Gc9XZXv,Jessie,Bembrick,95641 Stephen Trail,587621
rwilloughbyid,FjvHP1Yue,Raviv,Willoughby,220 Weeping Birch Lane,690767
rprudenceie,NnaSIblkX3,Rafaelita,Prudence,534 Killdeer Way,421366
tjovicicif,OxCF1o3A24vF,Taddeusz,Jovicic,11032 Fuller Place,493676
jtrentig,gcmHknDVOX,Juline,Trent,932 Graceland Parkway,196832
ahastlerih,cys7OphBZza,Alix,Hastler,4784 Laurel Center,490207
rshambrookii,lrqIutpsRcjx,Rosalie,Shambrook,08 Hanson Parkway,739720
fdoerrlingij,tbbvWGwder,Felecia,Doerrling,01988 Charing Cross Street,679961
jwormsik,g5Exu4ZKM,Jerrilyn,Worms,49231 Autumn Leaf Parkway,498632
bdelongil,Qf2OFeG88,Brunhilde,Delong,1 Everett Hill,967387
gbainsim,QW1Ng7jJt8H,Garrett,Bains,67 Barnett Trail,300755
kvittein,IDl3SXYb3si,Korry,Vitte,62909 Lighthouse Bay Lane,349271
wtothio,3a3jE0,Wash,Toth,60887 Del Mar Plaza,669342
bdehmelip,Y6JlIV66,Brok,Dehmel,24 Glendale Lane,752248
scavendishiq,eWIyVxGdEiT,Samuele,Cavendish,3 Hollow Ridge Lane,294790
gsamterir,65iEwD,Grazia,Samter,29937 Hanson Crossing,842207
schalkeis,HRjwlLt,Sisely,Chalke,93 Scofield Pass,571311
twilberit,x7MUZufniz,Trumann,Wilber,4 Rigney Crossing,743138
rellandiu,ss0kWk2SO,Rudiger,Elland,038 Eastlawn Way,749000
dlegriceiv,ElApJ0FNrVhT,Donica,Legrice,22143 Arrowood Alley,305722
dmancktelowiw,3S4ST67Xc6s,Denyse,Mancktelow,409 Bellgrove Avenue,867431
pashwinix,oJjM9XxPT,Pip,Ashwin,626 Atwood Terrace,299316
kauldiy,wsKII19y,Kerry,Auld,65 Elgar Parkway,247327
kgekeiz,WDzl1Yqf,Kalinda,Geke,34511 Clemons Hill,495187
bcauntj0,FR5pxh,Bronny,Caunt,665 Susan Plaza,791996
esimenotj1,qiK8KK,Elisha,Simenot,7767 Becker Junction,819384
visaaksohnj2,R358VI,Valli,Isaaksohn,517 Main Place,456273
mspeaksj3,ASzdQL,Marena,Speaks,6 Hintze Junction,931558
kcarrierj4,MzAIa8ZRhq,Kimberlee,Carrier,4 Morning Junction,197502
acorbettj5,VVUZPwrv6,Arte,Corbett,7523 Pond Park,270500
ldibbsj6,Z6yh3dZguT,Lil,Dibbs,6 Charing Cross Way,121970
tlescopj7,Re4yE2Msz3vh,Tina,Lescop,309 Fulton Alley,639332
dmunsonj8,QMCzMgnO,Darn,Munson,64506 Sunbrook Terrace,862054
msatfordj9,piTGXOVa,Morgen,Satford,84 Clemons Drive,534869
mdavioudja,lamDhNHTpd,Mallory,Davioud,213 Trailsway Place,310416
jwrankmorejb,tEZO7YqAs,Jenelle,Wrankmore,2074 Schlimgen Pass,281109
cbogaysjc,etBhfX,Carmine,Bogays,31 Algoma Point,308999
rboysonjd,LKhmUF,Robbie,Boyson,23823 Monterey Park,402550
ajezzardje,5QABsW,Annabela,Jezzard,14400 Knutson Drive,396543
phynardjf,B9m0WAyYPM,Phillipp,Hynard,784 Havey Parkway,828472
mtyrerjg,4q9fJnzmY5p,Max,Tyrer,6 Coleman Street,334609
ashakeladyjh,787fyqnpJY,Archie,Shakelady,7230 Surrey Trail,371243
meymerji,zjn0sQG1,Melva,Eymer,8895 Declaration Place,485373
dallwelljj,hUrXdx7032,Darrick,Allwell,09384 Derek Avenue,376373
mbarnardojk,7vO9JrI9,Munroe,Barnardo,048 Sachtjen Crossing,299652
aosgodbyjl,TZ4ZSVMLX,Atalanta,Osgodby,83 Mitchell Junction,147114
kmunnsjm,uZVPRwYeN79X,Krysta,Munns,79 Hintze Street,702457
adhillonjn,Ow8XbX,Amaleta,Dhillon,2 Warner Center,781002
esapshedjo,1Gj4KZYgeYu,Eveleen,Sapshed,22103 Cottonwood Alley,547900
beasbiejp,0BNGZwQQbL3,Booth,Easbie,3 Badeau Lane,572784
mgostykejq,vc1eeb0fiF,Mirabel,Gostyke,6 Swallow Avenue,754955
gdiruggerojr,Gpcj5n5s3q0,Gerhardt,Di Ruggero,8 Armistice Place,548752
avigerjs,LcwCRI,Alfred,Viger,58118 Algoma Park,175514
arawsenjt,Pw7zGspZjdnz,Alysa,Rawsen,21723 Blackbird Lane,929050
lswangerju,m3uVdW5vDav,Letisha,Swanger,61214 Forest Dale Plaza,972730
areesjv,HyKUM5T,Ann,Rees,64862 Thierer Terrace,594304
mbowlerjw,8a69DVtDZUQO,Massimo,Bowler,24025 Crowley Point,139100
tharlinjx,71SKLZAtC,Tammara,Harlin,009 Colorado Circle,828211
awisherjy,yRkIGF,Alisun,Wisher,7 Duke Street,697118
estroyanjz,dWlTMf4J0,Eve,Stroyan,24 Derek Road,671264
aoutlawk0,8wJOL3Oe,Angie,Outlaw,1385 Fairfield Trail,376959
edumsdayk1,HCX1csZMs2n,Elissa,Dumsday,314 Northridge Drive,303902
gasmank2,uEvwyRQLPN,Granthem,Asman,43893 Park Meadow Way,969027
beichk3,GRkrZoNF7n,Berkly,Eich,47 Corscot Way,591462
edoorlyk4,Yd2kA80G,Elroy,Doorly,7585 Lawn Lane,320040
ngrevesonk5,DtZO6p08nV,Nil,Greveson,28 Springs Way,843459
obrogginik6,fRziUpkYWox,Olag,Broggini,473 Independence Junction,842769
mfoxcroftk7,fUmAtyGY,Mathilde,Foxcroft,9571 Cottonwood Terrace,856024
wizakovk8,GFWmt1wFQ,Waldon,Izakov,1 Clarendon Hill,567262
mguerreirok9,I3bocAZS,Marje,Guerreiro,720 Bellgrove Court,909344
fbonnesenka,MLvraz7vRW,Fitzgerald,Bonnesen,7 Arizona Place,342602
cmccaghankb,CV2axJL0A,Corliss,Mc Caghan,531 Hoard Lane,221220
lcampokc,9m7Gcw,Lavina,Campo,93 Laurel Court,412744
chundleykd,3DWSQ3ZX,Cobby,Hundley,850 La Follette Circle,437677
jhannentke,Xt7IMzF,Jemmie,Hannent,025 Mccormick Junction,192860
mwaddingtonkf,RHTpUvg,Marcelo,Waddington,9114 Center Park,471006
pcandwellkg,2lXFa08se,Piggy,Candwell,33811 4th Plaza,739621
egimenezkh,69BS0A,Engracia,Gimenez,0995 Ryan Pass,672497
lyonki,jagACAY,Loren,Yon,06 Northview Park,697588
spladenkj,gGREylydG,Sib,Pladen,2 Surrey Terrace,969608
mleavrykk,eVqDM0G32O,Michel,Leavry,92224 Rowland Pass,652222
jmcgorleykl,G5hk0sHm,Jammie,Mc Gorley,73 Miller Road,399151
fprettjohnkm,j9h0anRoq,Field,Prettjohn,4870 Comanche Place,259272
emanaghkn,PijXuBU7bIp,Ezekiel,Managh,79 Ilene Crossing,837480
gskittko,zaCOYfYy8U,Garner,Skitt,01098 Elgar Trail,112197
cburwinkp,LKw7M2E,Cherice,Burwin,00469 Toban Avenue,160118
vmccriskenkq,MP02kg8,Vail,McCrisken,84150 Grayhawk Drive,451998
awasylkiewiczkr,kQEYRcI9xbh,Amata,Wasylkiewicz,27 Carey Point,707910
gcadwalladerks,9N4M0Bc,Grover,Cadwallader,96 Twin Pines Court,562930
dstooderskt,iFMEUvv,Doralynn,Stooders,4 Old Gate Terrace,641179
ethomannku,aBoRzdo95XG5,Edsel,Thomann,26 Marcy Trail,354003
mwalklingkv,aN1Lpnkw,Marc,Walkling,7121 Fair Oaks Pass,370125
tmcgaughiekw,u3p94g2Rk,Terrel,McGaughie,205 Pawling Trail,883467
bgofforthkx,CRKx04Ae0GH,Birdie,Gofforth,9 Browning Terrace,354258
bgarmansky,dqYDoPtmO6pZ,Brendon,Garmans,393 Hallows Park,369329
bcuminekz,S7E2AYsl,Bobbee,Cumine,1285 Forster Park,618483
mmachentl0,G3jLcUBs,Margarethe,Machent,9265 Buena Vista Pass,688979
emcgourtyl1,Ux4OOTOBAw,Eimile,McGourty,5794 Shelley Point,404004
tfairhaml2,nuiuslv,Tarah,Fairham,7640 Dexter Parkway,809590
skarolewskil3,D4ZzIS7vk,Stearne,Karolewski,1 Petterle Pass,246482
kashenhurstl4,qu3ABNP3,Kassandra,Ashenhurst,7 Forest Run Trail,955088
lurlichl5,Eoh7BE7i0h5O,Lezlie,Urlich,0649 Ludington Parkway,404866
wdifrancescol6,WWOw0B4RQ,Wendeline,Di Francesco,46 Vermont Alley,743564
sdrillingcourtl7,tE4NFT,Sibylla,Drillingcourt,0 Park Meadow Plaza,477957
rcoombel8,vaSfFcdt,Regine,Coombe,0925 Dennis Crossing,257230
bkhrishtafovichl9,8jNzys,Bard,Khrishtafovich,62 Bay Hill,438960
pcolliverla,NzoIgi,Phil,Colliver,65644 Oneill Plaza,571523
cfulstowlb,GwfK29Mu,Corri,Fulstow,107 Hansons Pass,453180
mscimonellilc,fDjjuEjVs94n,Maurene,Scimonelli,90664 Derek Terrace,530442
hmcquarterld,MbcP77QFudaX,Hugo,McQuarter,45 4th Point,535024
jconveryle,6xwftQO2,Jeremias,Convery,9 Sycamore Pass,799757
emarkushkinlf,7s2A7yWYKKWG,Essy,Markushkin,2446 Cody Circle,684347
tschlaglg,qO3pO0GHeJL,Thibaut,Schlag,205 Kings Place,939250
kfallalh,zq42Xjwh,Kaylee,Falla,3 Dryden Junction,481634
afuggleli,YMGJ0rGzD,Alena,Fuggle,0659 Fremont Park,978736
ccoolj,RwVHsvo,Cyrillus,Coo,8 Gulseth Street,497582
qcaresslk,aAzAn7UE,Quillan,Caress,601 Lakewood Gardens Hill,728030
paimablell,33G5T6yZ,Paxon,Aimable,5700 Monica Crossing,764005
phailstonlm,Ha2Y64S5OTg,Pattie,Hailston,94 Pond Drive,395495
tburlandln,5bLFwDg,Tarah,Burland,3 Memorial Street,888183
fjinkinlo,i7q0Db6,Fraser,Jinkin,96 Burrows Circle,284901
ndoidgelp,6y4I5DL2,Noby,Doidge,9295 Dayton Lane,177595
cklejinlq,QjhBClUQao,Carroll,Klejin,84 Vermont Center,583089
egatrilllr,LIW6VQ0b,Eula,Gatrill,5349 Barnett Terrace,232751
tmaudittls,etbD38,Tibold,Mauditt,9909 Birchwood Plaza,108227
vlambdenlt,nPRSZ55uG0,Valentine,Lambden,8563 Forest Dale Street,467131
dmoncreiflu,UKvbjWFv6x,Denna,Moncreif,60075 Golf Court,541042
jspinellolv,qyGLTMFRtM,Jeni,Spinello,23133 Buhler Point,638699
dallridgelw,8zDzFhVczdZg,Dyanne,Allridge,22 Elgar Avenue,179510
lkarpenyalx,tnLbJT,Lorena,Karpenya,24 Leroy Alley,569372
gdelloly,BX9pRUuY37Yv,Gregor,Dello,28 Nobel Lane,583431
jcalverdlz,C5mCnI3bajCH,Jamaal,Calverd,89 Forest Center,441742
tpharrowm0,u6XIhzXXDWyF,Trstram,Pharrow,793 Schiller Plaza,452656
estrethillm1,CF0utY0s,Elwood,Strethill,752 Schmedeman Way,440134
smccallamm2,OTnrexX,Sanderson,McCallam,316 Stuart Terrace,316525
zrittmeyerm3,EcFpi6izhpwz,Zane,Rittmeyer,42 Hooker Court,485180
apaolettom4,69LxoL,Avivah,Paoletto,03524 Kennedy Avenue,287794
lmaccawleym5,LdKa3CqM2,Lotti,MacCawley,871 Hansons Hill,440428
smaniem6,rYvmSTCps1,Sam,Manie,3084 Shelley Street,400967
jcraykm7,NU50PBE,Jobie,Crayk,394 Valley Edge Street,142524
debbettm8,B1HiYUgBL7,Desiri,Ebbett,473 Clyde Gallagher Place,991125
wsanchism9,Zk2jg07GG,Wash,Sanchis,94 Ridgeview Circle,803693
nmartinezma,JBuSbZPt,Nobe,Martinez,11610 Dakota Lane,715099
gingledewmb,uYRZETshv2Cd,Gregory,Ingledew,81047 Vidon Place,823746
ecottonmc,MMvBenN,Elberta,Cotton,87142 Pearson Place,562139
cdelacostemd,xTLMOLigJg,Cybill,Delacoste,43548 Melby Street,799101
dcharleme,qrOVfBw741,Devonne,Charle,0 Goodland Avenue,866542
zhinzermf,pf0MWGk5PQb,Zed,Hinzer,5046 Sugar Trail,196203
mjirusekmg,77t16Znjt,Melli,Jirusek,2 Bartillon Pass,185595
hsoppittmh,k8run36fabCK,Henderson,Soppitt,8 Lukken Drive,801801
lfarniemi,MnoMc8,Lizzy,Farnie,20407 Vahlen Road,663856
gseversmj,9yOew4x,Gusti,Severs,7 Clemons Circle,705198
bbrunelmk,a6Fhaf04c,Bobbette,Brunel,973 Del Mar Pass,247774
nmurtimerml,b08P7D0,Natalina,Murtimer,88550 Barnett Park,557816
tgarrowmm,ykGlYn,Theressa,Garrow,0 Schiller Pass,870960
gpriskmn,51CDNPXt,Gino,Prisk,4690 Nova Place,960809
bpembridgemo,TLlxhwrsyvla,Brittan,Pembridge,33428 Westerfield Crossing,158871
llevecquemp,p9txaQ,Letisha,Levecque,68 Sunnyside Court,588483
amoysermq,D7vvtjXJYQ,Allie,Moyser,19 Glendale Center,430280
soheynemr,nRDQLZnogJ,Silvanus,O'Heyne,3 Riverside Point,362335
yhallaganms,nHrKFAMMj,Yelena,Hallagan,85987 Carberry Court,826506
fshovellmt,dUxiaPuVKN,Fidela,Shovell,31577 East Circle,112038
zhazartmu,9xaEOSqJN0,Zorah,Hazart,81 Bunker Hill Parkway,785897
bballentimemv,hjRVcqY,Burl,Ballentime,2 Sunbrook Road,199676
rnanamw,IE6BPmIWEZ,Rosina,Nana,11068 Myrtle Way,782013
rfilyashinmx,OpKVsv1C,Royal,Filyashin,877 Del Sol Crossing,744155
jreburnmy,4bTyg0cSRgp,Jocelyne,Reburn,2 Mallard Lane,361434
ocratmz,HpxxSyC7oJS,Onida,Crat,726 Bunting Hill,577868
ldeaven0,Uh5zA6VJq,Lilith,Deave,694 Thackeray Hill,422328
asauvagen1,dgd6ZyMOU6S,Arlie,Sauvage,68225 Manitowish Point,188046
spaitonn2,HmRflUt,Seymour,Paiton,37636 Fairfield Way,299860
dohrtmannn3,Sqfn2xKkr,Desmond,Ohrtmann,0 Leroy Way,888375
tlaperen4,Gfnpfiga9n,Tiffany,Lapere,97 Pawling Terrace,372885
wcrudenn5,KlyguNy,Wilek,Cruden,31986 School Center,860117
acrowen6,wgUFKjMI85,Alasdair,Crowe,19 Birchwood Point,550138
woneiln7,XyaYjve,Welsh,Oneil,4 Judy Drive,278684
mmoffn8,Y3wDsf3,Matthieu,Moff,664 Union Pass,427144
fschoalesn9,JjgdMq4,Fidelio,Schoales,10 Green Ridge Terrace,424328
gashleighna,tCq8oPnrLF,Gabrila,Ashleigh,80 Lerdahl Junction,722657
gkennewellnb,O7g2TnxWBU,Gloriane,Kennewell,65 Cody Parkway,577107
rhalksworthnc,w2Xj4CJVc,Rae,Halksworth,74711 Northfield Parkway,933498
bfarlambend,p3nms3q,Barris,Farlambe,83851 Pine View Place,164270
kborthene,ZFmckFAS,Koralle,Borthe,0 Hanover Alley,939843
rlimricknf,eC0D19,Rosa,Limrick,8904 Golden Leaf Place,878535
hadaming,mJPt0YfI,Horatia,Adami,11 Cottonwood Center,107304
tnaughtonnh,BtYpUwvZbf7,Tally,Naughton,81 Barnett Way,879658
achesselni,f7MjZWW,Anstice,Chessel,7 Scofield Alley,999184
vhekkertnj,BtwGlobtyO,Vlad,Hekkert,292 Wayridge Crossing,655120
ldemorenonk,E8ZWgBOqG,Lucy,De Moreno,68890 Mockingbird Junction,202627
cexernl,TG1EaVOKs,Claybourne,Exer,6782 Gina Park,623272
kmanusnm,EjkOZf,Kalinda,Manus,1 Macpherson Park,967722
dburrynn,Eawuhvo2t,Delmore,Burry,2131 Kedzie Court,489514
olorentzenno,Gnc7ddYNlNYE,Ottilie,Lorentzen,4758 Maple Wood Circle,493838
ibauldreynp,87hfwgrkeFeQ,Isidro,Bauldrey,805 Portage Crossing,490936
fmapletoftnq,xkRPcxJQ4f,Florette,Mapletoft,3159 Melby Junction,444626
sbeltnr,viPEOQfL,Sarita,Belt,62859 Longview Avenue,390984
pblunkettns,fwMDTVX9hE,Paige,Blunkett,92692 Grayhawk Parkway,182392
bmatterisnt,3eYeF0VUT,Brandise,Matteris,74 Iowa Parkway,951823
kmiddellnu,wa4h2430p,Kari,Middell,11021 Warner Hill,776421
ocollecottnv,vWdLdz5cP8H,Olimpia,Collecott,62471 Fulton Plaza,310303
twhawellnw,Ka6Yf2V,Tammie,Whawell,71187 Bowman Junction,325156
crumbelownx,KHnVDpufUgV,Catina,Rumbelow,37787 Haas Pass,121060
fbockettny,sOxgxKsPAfws,Fanya,Bockett,836 Thackeray Park,324868
cjeroschnz,mh7iWy7s,Corinna,Jerosch,26217 Carpenter Park,490274
kyateso0,Mgj8qbDFq,Klaus,Yates,6507 Little Fleur Place,511386
akuhneo1,hjpEodT,Aluin,Kuhne,480 North Drive,175277
jmullendero2,hKIaAXbSA,Julee,Mullender,00 Clyde Gallagher Junction,329727
amillso3,UXaHNWQzoVs,Agace,Mills,07 Jay Hill,108011
rdambrogio4,wzUdF0W,Rosalinda,D'Ambrogi,5183 Forest Trail,352673
arosomano5,zfMCcnkbG9r,Adrea,Rosoman,3790 Pankratz Alley,372704
oedglero6,riRhab06fe,Oliviero,Edgler,374 Onsgard Junction,266407
lkincho7,xwuPghbX,Lurline,Kinch,093 Dennis Park,973737
vrzehorzo8,IvWI0B,Victoir,Rzehorz,85729 Bashford Road,993947
sbeebiso9,Kkt2WGP6h,Sisile,Beebis,2 Garrison Road,648807
rirceoa,Ud5zdkIgQ,Roxanna,Irce,31776 Thierer Hill,357019
ewithringtenob,YVrUlFCrRsN,Erie,Withringten,55 Riverside Place,690587
tbickmoreoc,KYeffEBcyJ,Tara,Bickmore,1201 Lake View Point,942481
mmcanenyod,O2G53700BqIv,Morey,McAneny,88 Cascade Street,364808
cphetteplaceoe,Pf0rAVM8rOJ1,Carmelita,Phetteplace,99 Onsgard Place,496108
alehrahanof,7Hb3xgSVHM1,Abbott,Lehrahan,61196 Forster Street,507469
alinderog,cSrsHCyPxz2,Alister,Linder,759 Hovde Terrace,602356
rmcgrieleoh,8jTWrg,Rickie,McGriele,4353 Blue Bill Park Point,941351
sliggonsoi,hzDHCV5P,Sanderson,Liggons,60 Northridge Trail,771474
mattrideoj,fcNwB2P,Mignonne,Attride,938 Doe Crossing Parkway,413036
nbourleyok,Pa8pAmt,Noland,Bourley,94 Elgar Court,815636
rharberol,kBrvcNvaUF,Rupert,Harber,8 Surrey Park,693036
apeterom,3XNXhm7sb,Annabella,Peter,36928 Burning Wood Court,906946
naimableon,CGwlANBMcqq,Nola,Aimable,34 Autumn Leaf Hill,485176
rbaxendaleoo,TC7sQxZu8X,Rosalynd,Baxendale,62770 Maple Wood Circle,406433
etreadgallop,EldqsWEiS6b,Elisabeth,Treadgall,31707 Dryden Point,403719
vafieldoq,7xwa5n3,Verile,A'field,45 Alpine Park,189025
fsammeor,FJ5hyxnO43O,Fey,Samme,4 Nova Parkway,890136
eboweryos,9d8sMXYIb,Elihu,Bowery,64219 Bashford Park,973603
jedserot,t6HUoMB,Julia,Edser,71725 Haas Road,402245
mportailou,nvUDoLx,Michal,Portail,73347 Hooker Hill,400131
wwesthoffov,dBnouLdKp,Wenda,Westhoff,885 Eggendart Circle,650998
csicilyow,syCDSQgu,Chantal,Sicily,5833 Namekagon Terrace,409169
ipellingox,x4385h7TwC,Ingelbert,Pelling,3817 Homewood Parkway,221198
nprioroy,Ig9OYgJ2Mtk,Nike,Prior,14 Welch Parkway,777632
rbogeyoz,m9FHtubzRa4,Roseline,Bogey,74294 Loeprich Court,135884
jmathonp0,u9l1KSG7HGs6,Jarrad,Mathon,41 Farwell Court,850045
bbedwellp1,1YiWZdZ0,Brew,Bedwell,4 Harper Plaza,351045
hcleverleyp2,79JG7ZaDdD,Haydon,Cleverley,22 Welch Way,889411
palphonsop3,lkUsLoSov,Page,Alphonso,80 Northview Avenue,510640
rmoroneyp4,WBDwgWx1pYwn,Riki,Moroney,63941 Tony Circle,646933
bdelaspeep5,HwRm2ZwgX,Bettye,De Laspee,43412 Summer Ridge Parkway,694323
ogauntleyp6,cAGJrIvp,Orran,Gauntley,42551 Sunbrook Terrace,746408
eflawithp7,b1VPzSFzua,Eileen,Flawith,71 Briar Crest Crossing,418622
dshowerp8,c8MxXvbn,Dona,Shower,0 Ryan Center,761558
ospringallp9,j3uOYkovnJ,Ozzy,Springall,0 Welch Center,427778
fbennionpa,UPxVForTUP5e,Friederike,Bennion,2868 Ronald Regan Trail,851558
mraisbeckpb,kmPsivbT,Matti,Raisbeck,93 Park Meadow Avenue,458192
wfarrantspc,jUvb2B2,Wittie,Farrants,19781 Hanson Pass,162997
bpoleykettpd,NJWGtSNLzT8,Burlie,Poleykett,8 Bluestem Parkway,154024
iskedgellpe,mhvmeC3yorCp,Indira,Skedgell,79 Dawn Plaza,368751
swreightpf,1hOnJOq,Shawn,Wreight,9919 Maywood Drive,469977
glandrieupg,H9iVEQ7lQ,Gamaliel,Landrieu,00 Delaware Park,875370
adobyph,sUYpF3RBINaR,Antonin,Doby,6 Katie Court,493479
fzorzenonipi,QerdW1eAQsO,Filmore,Zorzenoni,100 Charing Cross Hill,783272
lcleetonpj,UQYCycyClC,Lilli,Cleeton,318 Pond Center,381376
iearthfieldpk,l71oS9,Ivette,Earthfield,9 Quincy Avenue,924679
kcarrabotpl,oKs0mZ,Kerrill,Carrabot,4 Moose Point,341497
vbeauvaispm,AqtSFYmkWl,Vera,Beauvais,6725 Bartillon Parkway,486793
wskurespn,H3lffGIrEuO,Wyn,Skures,188 Heffernan Junction,194280
blamblepo,Nl3EQNajwPzY,Briney,Lamble,4 Coolidge Pass,419385
dcuseckpp,oJ3u8hA,Danyelle,Cuseck,1507 Schiller Trail,381369
tcopperpq,OInJEG,Thebault,Copper,25 Corben Center,534374
bphythianpr,rIwBHQ5UOxF,Briana,Phythian,01255 Elgar Crossing,151022
lcohnps,ScXY0KG2,Lorne,Cohn,39189 Merchant Terrace,984383
dscamerdenpt,yFbyqcoF,Darb,Scamerden,36 Eastlawn Place,783179
lcorbinpu,ukNK09o7Tfe,Loydie,Corbin,286 Moland Lane,230225
cstannettpv,iO7P9f6lPVwm,Cacilia,Stannett,2 David Avenue,550889
dsimkovichpw,FEMNsy,Daile,Simkovich,9745 Nancy Circle,571411
bdoncasterpx,4vS9hcI,Bonnee,Doncaster,07196 Oneill Road,243027
mhartnesspy,XI7XWDZBobe,Manda,Hartness,94 Del Sol Drive,294123
kevasonpz,7YpblROmx,Kalie,Evason,54 Fremont Parkway,807967
rmessittq0,7DSXSXhuXBq,Row,Messitt,8831 Vidon Crossing,579081
cbroadhurstq1,GactS28z53r5,Corissa,Broadhurst,6271 North Way,801098
ghaymanq2,ebG8Oc,Giffy,Hayman,054 Crowley Road,503032
lbettsq3,V16NxGIfcOa,Lesya,Betts,2633 Oak Crossing,394861
kgarbettq4,Z2nzhdCI6,Kamillah,Garbett,747 Pleasure Parkway,825832
efairlemq5,Kd3gPj,Early,Fairlem,876 Lakewood Street,334545
rcottuq6,KYQ23AMszXp,Rodina,Cottu,60 Northwestern Park,951507
creimerq7,6NSK0Of,Caldwell,Reimer,6998 Farmco Circle,653886
aforsdikeq8,5PFHxzTJ,Alvy,Forsdike,9082 Sunnyside Trail,844523
ubuckbeeq9,fRCpZzEf8Di,Ursola,Buckbee,042 Spohn Drive,746037
rfistqa,9lxqRXRV1,Ricca,Fist,3 Hagan Place,689973
eharsnepqb,MrKE9XU2HaA4,Eberto,Harsnep,85 Bunting Pass,752235
lgrollqc,BfPCDpN,Liz,Groll,0895 Scott Lane,262646
rfayermanqd,IMJFyYCG,Rene,Fayerman,4 Sauthoff Park,231658
anozzoliniiqe,IpzYfjg,Aurelea,Nozzolinii,31783 Springview Road,109170
ccottisqf,zO6j4tF95vOG,Carmon,Cottis,9761 High Crossing Terrace,758314
cbeanqg,1OfUC79Kxb,Cammi,Bean,4223 Memorial Hill,593721
plifseyqh,CYs3XN,Pammie,Lifsey,4091 Delaware Plaza,899367
rsymsonqi,WPiBo7F6dFz2,Romain,Symson,7320 Chinook Junction,504812
mbrushneenqj,KZjYoTNnjX,Mickie,Brushneen,32 Dwight Center,802546
jrennoldsqk,Ix1Hk9l,Jo,Rennolds,18 Service Way,546992
gculpanql,CpO4sP,George,Culpan,0862 Norway Maple Hill,305624
emilliganqm,eFkHPB2lM,Elfreda,Milligan,59383 Westridge Alley,582411
clapthornqn,hPawJmAj,Charles,Lapthorn,66624 Mosinee Drive,899898
fdawksqo,3dGS6P7A,Flem,Dawks,18403 East Circle,499422
kmowdayqp,4vujAmDZdtD,Karine,Mowday,84476 Mariners Cove Pass,129112
tdalessioqq,K5eyPVFika,Thorny,D'Alessio,769 Manley Park,189892
aruslingeqr,GkRhNcN8BH,Ada,Ruslinge,62994 Declaration Pass,350451
hhaggusqs,vOazZKkVTa7,Hunt,Haggus,613 Thompson Center,728501
feymerqt,fkQYrs,Faulkner,Eymer,283 Menomonie Way,724374
wvitlerqu,UBpOCAESfk,Wood,Vitler,500 Rowland Way,401765
dclayhillqv,Mrw8QdAw,Dodi,Clayhill,98 Maple Wood Street,884274
chessqw,12nn0NQ,Calla,Hess,5979 Hauk Center,793895
pgianettiqx,BkBRHuWUG,Perren,Gianetti,826 Eastwood Street,548567
dfurseqy,zdgMi3,Dexter,Furse,108 School Junction,378073
bhaseldenqz,wUjavK,Briny,Haselden,4632 American Plaza,156223
mbottinir0,L2DGy2xkM,Muriel,Bottini,07 Marcy Way,896622
caldenr1,ktD1eq4YQDME,Chiquia,Alden,810 Graedel Terrace,626045
lperler2,DTy83W,Lois,Perle,0257 Barnett Court,799722
rswarbrickr3,lA4LrqpeMMpf,Rosaleen,Swarbrick,41 North Hill,107421
dwinfredr4,B3d59n84,Dorthy,Winfred,93 Sommers Street,581199
gingerr5,8YNBQqP,Gennie,Inger,3589 Swallow Road,859888
ckrochmannr6,rRsKJBgy,Cherish,Krochmann,489 Packers Avenue,779388
midelr7,BCtVo8yucX,Max,Idel,006 Nancy Park,394957
dstotherfieldr8,Y8zz7USZs7,Dal,Stotherfield,09 Raven Parkway,201776
pfritschelr9,tNHhfGRGlrs,Patten,Fritschel,31 Lillian Court,122556
bmcalpinra,uXfffD,Bobbie,McAlpin,7830 Declaration Hill,191293
ctebbitrb,jZFrI7yBux,Chariot,Tebbit,6 Dexter Parkway,588926
glainrc,yM888jVUd,Grata,Lain,75 Bultman Trail,827992
gconachierd,K4YpsSjDH5,Gwenny,Conachie,5124 Killdeer Avenue,322299
cvenesre,VqZMCdUcbD7,Chadd,Venes,79 Dennis Terrace,388071
echoltonrf,n4dGrq,Enrico,Cholton,7874 Boyd Avenue,225155
flindeboomrg,itPCFzi,Fleming,Lindeboom,1678 Loeprich Terrace,511571
fnevillerh,n0BYzh,Fee,Neville,0 Browning Alley,217467
pgimbrettri,m7DUxr,Philly,Gimbrett,6800 International Avenue,933890
dyurocjhinrj,9gNNxJvazd,Daisy,Yurocjhin,1 Killdeer Drive,199636
dwaddamsrk,ln5vkSqVVXr,Dede,Waddams,2 Monterey Lane,384450
klorrimerrl,HELWfUs,Katti,Lorrimer,0 Ronald Regan Lane,406745
djustrm,FsMiCNQ4kT,Dag,Just,85814 Havey Terrace,233037
fcloptonrn,IrxkduAkDs,Forrest,Clopton,24782 Esker Drive,811663
dpendrighro,o3RPzOehoOfQ,Dorice,Pendrigh,4 Fair Oaks Alley,578173
ocadellrp,XV8Fr2ujztwl,Orville,Cadell,70938 Melby Alley,344556
hwilliamsonrq,Yn8DQIe3i2,Hannis,Williamson,8 Thierer Place,873054
stomesrr,FLDzlEm,Stanton,Tomes,09276 Eagle Crest Place,982926
